mu,sigma
0.4801379442214966,0.13699865341186523
0.31694453954696655,0.18455646932125092
0.48295101523399353,0.1447819173336029
0.6702699065208435,0.1557387113571167
0.9530407786369324,0.16576838493347168
0.8749931454658508,0.08967623114585876
0.7558028697967529,0.21340015530586243
0.7109403610229492,0.11030890792608261
0.098987877368927,0.06642136722803116
0.667828381061554,0.26191556453704834
0.3017578125,0.09114371240139008
0.32218137383461,0.07864337414503098
0.9503260850906372,0.14697681367397308
0.5046928524971008,0.15167653560638428
0.5592679977416992,0.22725532948970795
0.5214458107948303,0.18178659677505493
0.8217798471450806,0.1432342827320099
0.7672017216682434,0.20760224759578705
0.3634566366672516,0.09406039863824844
0.6297268867492676,0.25549015402793884
0.21851064264774323,0.03015119768679142
0.8975542783737183,0.1620793342590332
0.5367739796638489,0.21089951694011688
0.39052391052246094,0.17337387800216675
0.4732034504413605,0.19391599297523499
0.6501632928848267,0.2477658987045288
0.4350287616252899,0.16455776989459991
0.2983449101448059,0.1769464761018753
0.4528036117553711,0.13874727487564087
0.8170832991600037,0.20154497027397156
0.35492661595344543,0.2186526656150818
0.4802546501159668,0.12902981042861938
0.39784643054008484,0.1516137719154358
0.6633971333503723,0.2691602408885956
0.5488241314888,0.16437038779258728
0.3817574977874756,0.12127570807933807
0.3187972605228424,0.15606118738651276
0.22259435057640076,0.06751329451799393
0.1956559270620346,0.03760634735226631
0.8997862935066223,0.1474633365869522
0.8288859128952026,0.3293323516845703
0.5782889723777771,0.15592797100543976
0.9879370331764221,0.05218128859996796
0.3298335075378418,0.1480174958705902
0.4113489091396332,0.1254831850528717
0.49382585287094116,0.09033049643039703
0.09137309342622757,0.09743443131446838
0.9361801743507385,0.13771118223667145
0.14625026285648346,0.07944878935813904
0.4741702079772949,0.15450206398963928
0.6885327696800232,0.18946346640586853
0.6566689014434814,0.19068902730941772
0.32987821102142334,0.1555112600326538
0.6574893593788147,0.25019484758377075
0.7073125243186951,0.2367408126592636
0.6017289161682129,0.21327681839466095
0.39061328768730164,0.15784910321235657
0.6699125170707703,0.18193335831165314
0.4296431541442871,0.13459165394306183
0.09148818254470825,0.051195159554481506
0.5749464631080627,0.22071433067321777
0.9416145086288452,0.12096942961215973
0.7093948125839233,0.2060776948928833
0.7596108317375183,0.17057672142982483
0.3637426793575287,0.0824945718050003
0.7288690209388733,0.18547803163528442
0.5561517477035522,0.18019521236419678
0.635870635509491,0.2491454780101776
0.0878899097442627,0.08489791303873062
0.6253541707992554,0.21122293174266815
0.9714394807815552,0.08687373250722885
0.38580211997032166,0.15421269834041595
0.9476705193519592,0.11812866479158401
0.6158925294876099,0.1675003170967102
0.7878708839416504,0.258051335811615
0.5848801732063293,0.11764753609895706
0.4422968029975891,0.13427700102329254
0.3149704039096832,0.04784797504544258
0.3033800721168518,0.07258015125989914
0.42629632353782654,0.1375773698091507
0.8721674680709839,0.16725453734397888
0.26641422510147095,0.17032288014888763
0.4194648861885071,0.1733858734369278
0.5063676238059998,0.14326755702495575
0.351740300655365,0.18914441764354706
0.7083079218864441,0.23962551355361938
0.5823886394500732,0.2218267172574997
0.9664458632469177,0.12244056165218353
0.5436898469924927,0.13862891495227814
0.8704115748405457,0.14296720921993256
0.8896108865737915,0.19581350684165955
0.6207681894302368,0.19676658511161804
0.5980095863342285,0.153201624751091
0.7358139753341675,0.14190509915351868
0.8193739652633667,0.12768766283988953
0.37218838930130005,0.2650132179260254
0.4884486198425293,0.14489445090293884
0.6068262457847595,0.1334894448518753
0.9816154837608337,0.0791861042380333
0.546701192855835,0.12864574790000916
0.28210416436195374,0.08296922594308853
0.18910761177539825,0.0841912180185318
0.4155387282371521,0.15021786093711853
0.7340649962425232,0.18590682744979858
0.2649379074573517,0.06508444249629974
0.25354263186454773,0.06079864129424095
0.5161455869674683,0.1127505823969841
0.7566633224487305,0.16115762293338776
0.4431028962135315,0.1068698987364769
0.7359282970428467,0.22763630747795105
0.595453679561615,0.20493143796920776
0.5749477744102478,0.18939274549484253
0.5817453265190125,0.16408991813659668
0.4725857079029083,0.20791268348693848
0.444149911403656,0.24201977252960205
0.9807660579681396,0.07125600427389145
0.7599976062774658,0.15144295990467072
0.6250524520874023,0.20035849511623383
0.6158443689346313,0.21431945264339447
0.5812007784843445,0.20594437420368195
0.6168153285980225,0.15712575614452362
0.6484912633895874,0.1813601851463318
0.3145747780799866,0.14260101318359375
0.6504955887794495,0.14771811664104462
0.9808284640312195,0.05828869342803955
0.2490484118461609,0.05405170097947121
0.5130700469017029,0.14042674005031586
0.3808566927909851,0.13148275017738342
0.52981036901474,0.1751939356327057
0.2274428755044937,0.06036462262272835
0.5689800381660461,0.210969477891922
0.46548891067504883,0.1525290310382843
0.41779065132141113,0.1138511374592781
0.9151276350021362,0.22957614064216614
0.6263501644134521,0.15147216618061066
0.1393216848373413,0.12182103842496872
0.6197840571403503,0.23152568936347961
0.14117644727230072,0.07948276400566101
0.3221810758113861,0.08840402960777283
0.8631265759468079,0.2951740622520447
0.8964488506317139,0.1403365284204483
0.6306616067886353,0.19843825697898865
0.5188605785369873,0.26299136877059937
0.5078814625740051,0.147414892911911
0.7608543634414673,0.20792348682880402
0.7467838525772095,0.12386353313922882
0.5010921359062195,0.14359065890312195
0.8497228026390076,0.17574918270111084
0.37166768312454224,0.10568270832300186
0.5516701936721802,0.1461700052022934
0.2620251476764679,0.07802563905715942
0.180021271109581,0.051100701093673706
0.25329408049583435,0.08055628836154938
0.4266636371612549,0.15776468813419342
0.5065409541130066,0.16316460072994232
0.40454304218292236,0.12615056335926056
0.5868903994560242,0.2175918072462082
0.44921815395355225,0.10523578524589539
0.11931729316711426,0.062186967581510544
0.3519577980041504,0.19805988669395447
0.6465921401977539,0.1465662568807602
0.3434978127479553,0.10507819056510925
0.8069956302642822,0.17855952680110931
0.3694484233856201,0.09821608662605286
0.6741702556610107,0.2428804188966751
0.5097305178642273,0.23000045120716095
0.36039188504219055,0.1998441219329834
0.43721380829811096,0.1505633443593979
0.7847054600715637,0.09460476040840149
0.23539426922798157,0.07586389034986496
0.6096269488334656,0.20679979026317596
0.46326565742492676,0.1396992802619934
0.34984323382377625,0.20686429738998413
0.27804505825042725,0.07468584179878235
0.5009057521820068,0.16406436264514923
0.5728623867034912,0.17982134222984314
0.4886323809623718,0.1542336493730545
0.5075686573982239,0.19650782644748688
0.691501259803772,0.2619861662387848
0.380581259727478,0.17525476217269897
0.24557004868984222,0.10543792694807053
0.4967648684978485,0.15305958688259125
0.313487708568573,0.06994189321994781
0.9282625317573547,0.14149895310401917
0.43603286147117615,0.18526825308799744
0.19188019633293152,0.09333137422800064
0.724903404712677,0.14560344815254211
0.8656256794929504,0.09175696969032288
0.9807372689247131,0.08808726072311401
0.6995329856872559,0.16699068248271942
0.32287025451660156,0.16352809965610504
0.1926952749490738,0.10563572496175766
0.36486056447029114,0.10753678530454636
0.582045316696167,0.23768189549446106
0.3257257640361786,0.1119580790400505
0.6329774260520935,0.16569490730762482
0.535619854927063,0.14231421053409576
0.8815512657165527,0.1726529598236084
0.5728302597999573,0.2508580684661865
0.5263606905937195,0.17603814601898193
0.6928812861442566,0.2083057463169098
0.8920720815658569,0.07984580099582672
0.6616072058677673,0.19711613655090332
0.6985044479370117,0.1529403030872345
0.3180123567581177,0.14505791664123535
0.8251775503158569,0.21300111711025238
0.5449167490005493,0.14720720052719116
0.2762138843536377,0.15901440382003784
0.3353904187679291,0.1284543126821518
0.3976505994796753,0.21783335506916046
0.32543137669563293,0.09369056671857834
0.590094804763794,0.2966315746307373
0.30194172263145447,0.06664697080850601
0.824266254901886,0.17225071787834167
0.9611004590988159,0.11087223142385483
0.7911053895950317,0.19296768307685852
0.3975766599178314,0.18107545375823975
0.8558283448219299,0.2166849970817566
0.9094982743263245,0.14451178908348083
0.9597740769386292,0.12633733451366425
0.5588703155517578,0.25986456871032715
0.9667278528213501,0.10236383974552155
0.5635660886764526,0.17968682944774628
0.3086228668689728,0.09996824711561203
0.7321944236755371,0.1752098947763443
0.8759626150131226,0.2063363492488861
0.8825333118438721,0.1549588292837143
0.6285936832427979,0.1994543969631195
0.25985410809516907,0.1531406044960022
0.6103777289390564,0.19298000633716583
0.4290367066860199,0.25401896238327026
0.4787932336330414,0.20179715752601624
0.8510905504226685,0.34444305300712585
0.20686975121498108,0.05979103595018387
0.8439977169036865,0.20647142827510834
0.6287540197372437,0.20282162725925446
0.05856848880648613,0.0814562663435936
0.7605834007263184,0.1995711326599121
0.4459972083568573,0.12825903296470642
0.3703971207141876,0.12606112658977509
0.8226001262664795,0.10018204897642136
0.48491060733795166,0.2052062600851059
0.700562596321106,0.11668616533279419
0.27242258191108704,0.0695735439658165
0.5897347927093506,0.11562324315309525
0.4437282383441925,0.17269237339496613
0.4779393672943115,0.1544751673936844
0.45694395899772644,0.12397050857543945
0.8578183054924011,0.05203837528824806
0.7671352028846741,0.13451345264911652
0.19887959957122803,0.05853971466422081
0.7083133459091187,0.18757197260856628
0.7175548672676086,0.13510219752788544
0.5983267426490784,0.1807195097208023
0.6860483288764954,0.1758887767791748
0.5524245500564575,0.1869669109582901
0.9240996837615967,0.167154923081398
0.6956754922866821,0.16657650470733643
0.7212046384811401,0.160578653216362
0.28488433361053467,0.18468846380710602
0.32696589827537537,0.09143904596567154
0.44052353501319885,0.14060938358306885
0.2202213853597641,0.14717300236225128
0.10478654503822327,0.07563021779060364
0.5865545272827148,0.24385923147201538
0.55173659324646,0.2133122831583023
0.7195581793785095,0.17641650140285492
0.29437750577926636,0.0757562518119812
0.20212873816490173,0.08590047061443329
0.48946085572242737,0.23461182415485382
0.560721755027771,0.14120152592658997
0.515624463558197,0.14910174906253815
0.7096609473228455,0.2956579625606537
0.4526347815990448,0.19992394745349884
0.6245591044425964,0.1952277570962906
0.512747585773468,0.2044997662305832
0.7064462304115295,0.18183209002017975
0.4090297520160675,0.16036634147167206
0.2894051969051361,0.1201886236667633
0.5511869788169861,0.1690523773431778
0.6542473435401917,0.16164164245128632
0.7317649722099304,0.26109716296195984
0.5838053822517395,0.16762273013591766
0.5097859501838684,0.09205855429172516
0.4676831364631653,0.16695407032966614
0.9429556727409363,0.132471963763237
0.5023513436317444,0.1665734052658081
0.3992750644683838,0.11294128000736237
0.07201696187257767,0.0813225507736206
0.33296701312065125,0.15223893523216248
0.25365737080574036,0.12811613082885742
0.6522201895713806,0.21403665840625763
0.23649248480796814,0.0798846110701561
0.6262937784194946,0.2611357569694519
0.6287395358085632,0.20031428337097168
0.8994222283363342,0.14996446669101715
0.7926768064498901,0.2474248707294464
0.1765597015619278,0.06134793907403946
0.5239146947860718,0.1462864726781845
0.26006993651390076,0.050627678632736206
0.9360581040382385,0.09957993030548096
0.9123948812484741,0.21529287099838257
0.740609884262085,0.27219170331954956
0.2312886267900467,0.04606874659657478
0.29292014241218567,0.14280833303928375
0.9661291837692261,0.1278820037841797
0.37907150387763977,0.1606859713792801
0.5884746313095093,0.17648100852966309
0.41388368606567383,0.15893860161304474
0.5320003032684326,0.22157064080238342
0.55059415102005,0.12749269604682922
0.5557757616043091,0.18345127999782562
0.3766234517097473,0.07732021063566208
0.232076033949852,0.1264411360025406
0.38168269395828247,0.13098260760307312
0.5768994092941284,0.18175794184207916
0.7928971648216248,0.15155114233493805
0.9272929430007935,0.19434840977191925
0.6108344197273254,0.23557300865650177
0.8069095015525818,0.18501228094100952
0.2321968674659729,0.05388720706105232
0.5566312074661255,0.10429231077432632
0.6203683614730835,0.1668395847082138
0.8903898000717163,0.15430857241153717
0.6422930359840393,0.14419281482696533
0.7908030152320862,0.18404905498027802
0.3267574608325958,0.047330550849437714
0.6925041675567627,0.15731458365917206
0.5675108432769775,0.15867821872234344
0.9327069520950317,0.18614564836025238
0.4523211717605591,0.15265832841396332
0.3939591944217682,0.11450359225273132
0.3806540369987488,0.2005789428949356
0.36649587750434875,0.10760439187288284
0.3090885281562805,0.04586949571967125
0.3904404640197754,0.12363764643669128
0.30711647868156433,0.10632685571908951
0.6969847083091736,0.21246832609176636
0.4692052900791168,0.11544934660196304
0.5964286923408508,0.19445495307445526
0.6830503940582275,0.24166953563690186
0.9431958198547363,0.15488386154174805
0.6698501110076904,0.17843453586101532
0.9551252126693726,0.09786973893642426
0.3904465436935425,0.12477656453847885
0.4904649257659912,0.21485747396945953
0.26039186120033264,0.06095341965556145
0.6303030848503113,0.15005481243133545
0.9798760414123535,0.07913310825824738
0.45285362005233765,0.13040073215961456
0.446125328540802,0.1769944578409195
0.6555252075195312,0.11825603991746902
0.25286009907722473,0.11256825923919678
0.29915112257003784,0.10517989844083786
0.748733639717102,0.16528654098510742
0.24630987644195557,0.09999322146177292
0.9917783141136169,0.03688311576843262
0.2536090016365051,0.05923432111740112
0.96196049451828,0.08360128849744797
0.6452271938323975,0.1558983474969864
0.4084654748439789,0.1141192615032196
0.9757710099220276,0.07218614220619202
0.5937097072601318,0.21379904448986053
0.896220326423645,0.2247997522354126
0.22201190888881683,0.029808949679136276
0.36408066749572754,0.15951161086559296
0.5255998373031616,0.1298542618751526
0.5097455382347107,0.12758775055408478
0.8798155188560486,0.18402712047100067
0.13863787055015564,0.0627984032034874
0.56763756275177,0.14667101204395294
0.3570871651172638,0.0859634280204773
0.3408476412296295,0.08093525469303131
0.38951897621154785,0.13785025477409363
0.40324774384498596,0.13553032279014587
0.9673559665679932,0.08925512433052063
0.292628675699234,0.09469489008188248
0.424376517534256,0.11756739765405655
0.676788330078125,0.172509104013443
0.4356129467487335,0.1752656102180481
0.7180585861206055,0.15881763398647308
0.45193541049957275,0.12536372244358063
0.38058334589004517,0.11067607998847961
0.70198655128479,0.19718606770038605
0.6067208647727966,0.12893293797969818
0.7242279052734375,0.16178373992443085
0.622287929058075,0.1156732365489006
0.4054690897464752,0.12762504816055298
0.58669114112854,0.16487817466259003
0.5188071131706238,0.14781330525875092
0.42622944712638855,0.14408375322818756
0.7779597640037537,0.3056173026561737
0.6596689820289612,0.21775180101394653
0.4761124551296234,0.1862499713897705
0.9612907767295837,0.10368342697620392
0.6657813787460327,0.2915242612361908
0.9227427244186401,0.17753981053829193
0.8496936559677124,0.09103180468082428
0.5309656858444214,0.20818296074867249
0.6860607266426086,0.07066163420677185
0.7054003477096558,0.16655489802360535
0.3370193839073181,0.13407288491725922
0.26116153597831726,0.08774758130311966
0.5325344204902649,0.14140306413173676
0.24061201512813568,0.07775910943746567
0.479089617729187,0.17489491403102875
0.20521941781044006,0.0646589919924736
0.42748138308525085,0.14624103903770447
0.2602347731590271,0.08408337086439133
0.1691630780696869,0.08198454231023788
0.5839955806732178,0.14645211398601532
0.8959688544273376,0.14587871730327606
0.5545669198036194,0.2303481549024582
0.6717361807823181,0.2331901490688324
0.9752223491668701,0.08081046491861343
0.46661871671676636,0.2517678141593933
0.6020732522010803,0.25386205315589905
0.18818967044353485,0.1673472374677658
0.1573592573404312,0.07607749104499817
0.7310627698898315,0.2185535579919815
0.8845051527023315,0.10033491253852844
0.4640911817550659,0.21635060012340546
0.2634287476539612,0.08064959198236465
0.3218136429786682,0.12103907018899918
0.7387729287147522,0.3626049757003784
0.3147563338279724,0.036188527941703796
0.39379119873046875,0.13057473301887512
0.30278268456459045,0.1713390350341797
0.21786971390247345,0.10039770603179932
0.9164333939552307,0.20988568663597107
0.423876017332077,0.1545131504535675
0.5671259760856628,0.13565582036972046
0.6254839301109314,0.25295230746269226
0.19071486592292786,0.07192035764455795
0.1115511953830719,0.10003724694252014
0.40382832288742065,0.12070287764072418
0.6487152576446533,0.198971226811409
0.6889099478721619,0.18682588636875153
0.6167234182357788,0.1833721548318863
0.9778079986572266,0.0797155424952507
0.48299333453178406,0.07105646282434464
0.17660625278949738,0.08356525748968124
0.32724031805992126,0.08006063103675842
0.9849256873130798,0.05737578868865967
0.9317759871482849,0.2118910402059555
0.8401867151260376,0.17541775107383728
0.594957172870636,0.21909551322460175
0.4530399739742279,0.13843533396720886
0.50978022813797,0.0735323578119278
0.5829459428787231,0.24691200256347656
0.2053707391023636,0.0749933123588562
0.4053051769733429,0.12485512346029282
0.6404604911804199,0.18499377369880676
0.6077634692192078,0.15214239060878754
0.5299232602119446,0.14758887887001038
0.9162194132804871,0.15538246929645538
0.4672166109085083,0.2364894300699234
0.9951706528663635,0.03401097282767296
0.9238401651382446,0.1731199324131012
0.4495963752269745,0.12140736728906631
0.20252323150634766,0.03274302929639816
0.2565920948982239,0.11233039945363998
0.3888799846172333,0.10872307419776917
0.28130200505256653,0.10634341090917587
0.6967041492462158,0.2147343009710312
0.566028356552124,0.14713048934936523
0.7322273850440979,0.14133112132549286
0.31838828325271606,0.1267428696155548
0.7226638793945312,0.1021009162068367
0.5795175433158875,0.19936630129814148
0.6823080778121948,0.2667539417743683
0.6673335433006287,0.1527564376592636
0.6182994842529297,0.14038988947868347
0.03510945290327072,0.0593227818608284
0.17645065486431122,0.07009139657020569
0.4685271084308624,0.13034658133983612
0.6680254936218262,0.1983497589826584
0.4081091284751892,0.11044227331876755
0.6870906949043274,0.2463446706533432
0.6495437622070312,0.13007597625255585
0.47939881682395935,0.20071475207805634
0.6492061614990234,0.20000898838043213
0.31442901492118835,0.1153762936592102
0.9120692014694214,0.09420245885848999
0.40319758653640747,0.22995661199092865
0.711136519908905,0.1341940462589264
0.10669688135385513,0.08417447656393051
0.4931103587150574,0.16735051572322845
0.48134249448776245,0.14186595380306244
0.38712483644485474,0.11449502408504486
0.9547731280326843,0.06276047974824905
0.8806902170181274,0.2530785799026489
0.9179193377494812,0.07919778674840927
0.7883509993553162,0.2054312527179718
0.5703779458999634,0.1756805181503296
0.4277505874633789,0.19111540913581848
0.28046852350234985,0.07796434313058853
0.4836750626564026,0.15444651246070862
0.7107343077659607,0.22130675613880157
0.9821552634239197,0.08736098557710648
0.8721138834953308,0.22865821421146393
0.2292957752943039,0.09782300889492035
0.265700101852417,0.14928792417049408
0.19196835160255432,0.03581250086426735
0.3211310803890228,0.08836971968412399
0.6859509944915771,0.1411503106355667
0.31657230854034424,0.07947177439928055
0.6733358502388,0.17002113163471222
0.6498315334320068,0.15360017120838165
0.645353376865387,0.2827719449996948
0.35971036553382874,0.12364380806684494
0.3332822918891907,0.08783695846796036
0.463865727186203,0.09736190736293793
0.27324700355529785,0.03396972641348839
0.8528228998184204,0.26862168312072754
0.24779585003852844,0.07207943499088287
0.3321263790130615,0.11585432291030884
0.9802991151809692,0.06956388801336288
0.5511337518692017,0.2022651880979538
0.5409015417098999,0.16637302935123444
0.6467577815055847,0.21531642973423004
0.46733176708221436,0.19026599824428558
0.7880669236183167,0.25436365604400635
0.4145248234272003,0.32447952032089233
0.6352217197418213,0.10708852857351303
0.6227373480796814,0.17780537903308868
0.7585787177085876,0.1667005568742752
0.39737948775291443,0.1335129290819168
0.3047780394554138,0.1616923063993454
0.6113923788070679,0.17336638271808624
0.2971033453941345,0.08039794117212296
0.6432201862335205,0.14958977699279785
0.27496352791786194,0.07630413770675659
0.9357578754425049,0.15936319530010223
0.9375157952308655,0.10367309302091599
0.5603992938995361,0.24805644154548645
0.7393671870231628,0.13280977308750153
0.836455225944519,0.2356952279806137
0.9534422755241394,0.11862381547689438
0.4143128991127014,0.21112868189811707
0.47294381260871887,0.11217816919088364
0.2007453739643097,0.0785643607378006
0.6630261540412903,0.18584512174129486
0.6691086292266846,0.2733768820762634
0.21017079055309296,0.19306185841560364
0.6369737386703491,0.2214888036251068
0.2435697317123413,0.06763528287410736
0.160398930311203,0.11395841091871262
0.547207772731781,0.13579924404621124
0.8331648111343384,0.22475916147232056
0.16486942768096924,0.0705106258392334
0.48739930987358093,0.1999865472316742
0.3375439941883087,0.1491646021604538
0.5153830051422119,0.16475248336791992
0.9882153272628784,0.042003173381090164
0.3337988555431366,0.15607523918151855
0.23865361511707306,0.13091778755187988
0.6013725996017456,0.2377881109714508
0.46906375885009766,0.11733312904834747
0.21242426335811615,0.09085764735937119
0.376180499792099,0.10578493028879166
0.6821784377098083,0.1986330896615982
0.9482365846633911,0.15170152485370636
0.1816135048866272,0.06163090839982033
0.6941126585006714,0.19235844910144806
0.779502809047699,0.14821673929691315
0.3087790906429291,0.15689627826213837
0.2488899827003479,0.1331454962491989
0.29496362805366516,0.09650230407714844
0.5697609186172485,0.14316290616989136
0.8054982423782349,0.19584506750106812
0.6563743352890015,0.19232046604156494
0.5692890286445618,0.12239497154951096
0.5965459942817688,0.2710198163986206
0.8112894296646118,0.21769900619983673
0.6633346080780029,0.1830739974975586
0.7505660653114319,0.3287019431591034
0.691234827041626,0.20959271490573883
0.6541103720664978,0.1972949206829071
0.31133756041526794,0.14700931310653687
0.45225292444229126,0.13321560621261597
0.3346574008464813,0.11930296570062637
0.3104960024356842,0.07875517010688782
0.24234257638454437,0.16489674150943756
0.7358378171920776,0.08294229209423065
0.061335787177085876,0.05077958479523659
0.4965480864048004,0.22660502791404724
0.38073158264160156,0.12386911362409592
0.4814683794975281,0.11758732795715332
0.9856879711151123,0.07033801823854446
0.27449679374694824,0.10037504136562347
0.9937020540237427,0.044007036834955215
0.03228522464632988,0.047425828874111176
0.20643097162246704,0.08972404897212982
0.5868185758590698,0.1641463041305542
0.6706362366676331,0.18051984906196594
0.39843109250068665,0.16481484472751617
0.2537173926830292,0.09408872574567795
0.36816900968551636,0.11808905005455017
0.2936168313026428,0.07213883101940155
0.5333366990089417,0.23205618560314178
0.6468843221664429,0.3046306371688843
0.6505538821220398,0.20705929398536682
0.5254701375961304,0.13922101259231567
0.4740385115146637,0.32102522253990173
0.32658475637435913,0.15659137070178986
0.9355977773666382,0.15121139585971832
0.6767138838768005,0.18408618867397308
0.9542637467384338,0.12146912515163422
0.3245033025741577,0.05003372207283974
0.719785213470459,0.15681104362010956
0.18540740013122559,0.08410302549600601
0.6332050561904907,0.13576269149780273
0.7069208025932312,0.12710000574588776
0.11026769876480103,0.048462480306625366
0.8016712665557861,0.15450316667556763
0.5754048228263855,0.1279354989528656
0.7889947295188904,0.18445047736167908
0.9761863946914673,0.07697061449289322
0.868177592754364,0.17796120047569275
0.8388769030570984,0.19526401162147522
0.24536456167697906,0.06955483555793762
0.21410705149173737,0.16862381994724274
0.38418102264404297,0.20447900891304016
0.5577069520950317,0.2603977620601654
0.6901744604110718,0.18736793100833893
0.9606190919876099,0.11969699710607529
0.16257107257843018,0.04080596938729286
0.31610918045043945,0.21742938458919525
0.3440568745136261,0.14843115210533142
0.46409961581230164,0.14462417364120483
0.39888954162597656,0.1279870867729187
0.5646601915359497,0.22300530970096588
0.8052648305892944,0.189316987991333
0.9781495928764343,0.07592859119176865
0.4650684893131256,0.1064869835972786
0.395084947347641,0.11757048219442368
0.8797815442085266,0.2410043329000473
0.32475271821022034,0.1293518990278244
0.572955310344696,0.1421600729227066
0.23173725605010986,0.1423560231924057
0.6842990517616272,0.1998094618320465
0.6235750317573547,0.17913268506526947
0.4477633535861969,0.25656071305274963
0.9395321607589722,0.09919579327106476
0.10413535684347153,0.09548290818929672
0.6029049754142761,0.21413664519786835
0.4429934024810791,0.17240175604820251
0.3976401686668396,0.22244636714458466
0.9746571779251099,0.0741107389330864
0.45536625385284424,0.18588735163211823
0.8329439759254456,0.19914628565311432
0.7297725677490234,0.19414186477661133
0.8769314885139465,0.2170531004667282
0.27279990911483765,0.13174106180667877
0.6193321943283081,0.20392535626888275
0.3919699192047119,0.24515248835086823
0.4124603569507599,0.09878471493721008
0.4826292395591736,0.15020887553691864
0.30772942304611206,0.16172900795936584
0.48200854659080505,0.22553399205207825
0.8404201865196228,0.21679295599460602
0.679692804813385,0.16116124391555786
0.20703817903995514,0.16405616700649261
0.37260058522224426,0.13637986779212952
0.5692333579063416,0.1804005205631256
0.1790485680103302,0.1322396844625473
0.3084575831890106,0.11680446565151215
0.4722757339477539,0.1566656082868576
0.8954961895942688,0.210105299949646
0.5677315592765808,0.12948884069919586
0.4863665997982025,0.10173702985048294
0.4140770733356476,0.14081063866615295
0.577398419380188,0.16500476002693176
0.7315773367881775,0.20911026000976562
0.7962121963500977,0.22593659162521362
0.6066415309906006,0.2036304473876953
0.49676820635795593,0.15042786300182343
0.5841044783592224,0.18938741087913513
0.20518375933170319,0.052996668964624405
0.3699427843093872,0.04869106411933899
0.9563900232315063,0.1387900710105896
0.46644315123558044,0.22840027511119843
0.41907912492752075,0.17399343848228455
0.7831181287765503,0.27661749720573425
0.9612888097763062,0.08879511058330536
0.39409637451171875,0.21584902703762054
0.20373539626598358,0.06009374186396599
0.6119792461395264,0.19322477281093597
0.3999083936214447,0.0877639651298523
0.19803568720817566,0.016114328056573868
0.3543741703033447,0.18142667412757874
0.8577226996421814,0.1314874142408371
0.3633233904838562,0.10706093162298203
0.2971819341182709,0.03681372106075287
0.5949480533599854,0.1726115494966507
0.3639151453971863,0.17815274000167847
0.977371335029602,0.08082606643438339
0.6086558103561401,0.16989198327064514
0.8247200846672058,0.29700586199760437
0.2693723142147064,0.24753332138061523
0.6079164743423462,0.33835673332214355
0.31416210532188416,0.08249712735414505
0.5840293169021606,0.23051272332668304
0.49207690358161926,0.1417294442653656
0.9480195641517639,0.11769986152648926
0.1738833487033844,0.057503532618284225
0.40665870904922485,0.1250935196876526
0.6538271903991699,0.1511804163455963
0.5763220191001892,0.1463276445865631
0.915763795375824,0.20898570120334625
0.5234851837158203,0.13336223363876343
0.7344810962677002,0.10524366796016693
0.5109265446662903,0.1282743364572525
0.5849799513816833,0.19892559945583344
0.29565173387527466,0.1712263822555542
0.5668456554412842,0.14930099248886108
0.2998027801513672,0.06377589702606201
0.9210085868835449,0.1697816252708435
0.7561941742897034,0.17376352846622467
0.6321136355400085,0.23547758162021637
0.6217091083526611,0.2540541887283325
0.29630523920059204,0.1686268150806427
0.5826996564865112,0.22795453667640686
0.5409167408943176,0.1416880339384079
0.859921395778656,0.10980115085840225
0.48091015219688416,0.1477663516998291
0.5990656018257141,0.22280113399028778
0.4227796494960785,0.15724511444568634
0.47598525881767273,0.1887596845626831
0.43386584520339966,0.15595179796218872
0.3619800806045532,0.0873771533370018
0.9809615015983582,0.05990464240312576
0.3225046396255493,0.11766517907381058
0.9724282026290894,0.09192875772714615
0.6288730502128601,0.1665123999118805
0.48241764307022095,0.11797158420085907
0.5192674398422241,0.1909339725971222
0.19814355671405792,0.11459003388881683
0.7261385321617126,0.17911319434642792
0.30992552638053894,0.054539937525987625
0.9710142016410828,0.09355944395065308
0.5907058119773865,0.16494645178318024
0.5342562198638916,0.1686367243528366
0.20411525666713715,0.0973622128367424
0.18900543451309204,0.10182038694620132
0.07376950979232788,0.06308571994304657
0.3670806586742401,0.18272387981414795
0.7082122564315796,0.15605787932872772
0.6606459617614746,0.22770825028419495
0.2871396243572235,0.11615567654371262
0.559411883354187,0.15167777240276337
0.9750280380249023,0.11559353023767471
0.11209733784198761,0.06817212700843811
0.3464302122592926,0.08672217279672623
0.4176863431930542,0.1069762259721756
0.4944380223751068,0.1548444926738739
0.9452514052391052,0.1271747201681137
0.6190687417984009,0.11316529661417007
0.35843008756637573,0.22284390032291412
0.37352848052978516,0.16969488561153412
0.41486382484436035,0.16492097079753876
0.1399495005607605,0.09887045621871948
0.40191590785980225,0.11333564668893814
0.521013617515564,0.15458153188228607
0.6220074892044067,0.1767118275165558
0.4756554961204529,0.12820400297641754
0.6609992384910583,0.13038885593414307
0.5470094084739685,0.1842857301235199
0.31471920013427734,0.10865513235330582
0.4590839147567749,0.12468850612640381
0.8676266074180603,0.19003579020500183
0.7746107578277588,0.20361952483654022
0.2487059235572815,0.0899253785610199
0.6446822881698608,0.19261744618415833
0.36793479323387146,0.10904118418693542
0.30159977078437805,0.09223257005214691
0.4041178226470947,0.2163708657026291
0.4051949977874756,0.1500665843486786
0.7752671837806702,0.1752566397190094
0.38028764724731445,0.0631386861205101
0.35838454961776733,0.1675623506307602
0.3394477963447571,0.14508488774299622
0.21248804032802582,0.032248370349407196
0.4138373136520386,0.11602605879306793
0.36712679266929626,0.11232255399227142
0.597218930721283,0.22360368072986603
0.7442961931228638,0.18284036219120026
0.6452895402908325,0.24143114686012268
0.987841784954071,0.04675426706671715
0.7742783427238464,0.09149524569511414
0.46359679102897644,0.1335219442844391
0.4495900571346283,0.12944364547729492
0.25149568915367126,0.07726439088582993
0.3481261432170868,0.1066611185669899
0.9664753675460815,0.06593067198991776
0.32034558057785034,0.13002325594425201
0.7019056677818298,0.23715507984161377
0.5993155241012573,0.13451293110847473
0.6691088080406189,0.1963261514902115
0.42252659797668457,0.13109207153320312
0.327229768037796,0.17607654631137848
0.5170445442199707,0.12835289537906647
0.9291924238204956,0.16961181163787842
0.3225744366645813,0.14633607864379883
0.38966837525367737,0.12943211197853088
0.49980735778808594,0.2008933573961258
0.549149751663208,0.16609445214271545
0.9719308614730835,0.09106644988059998
0.474787175655365,0.1701144576072693
0.6837852001190186,0.15381230413913727
0.8144309520721436,0.2453140914440155
0.9592972993850708,0.10253259539604187
0.24444308876991272,0.05753680318593979
0.7653291821479797,0.11901991069316864
0.31305554509162903,0.09823241084814072
0.7755752801895142,0.07126513123512268
0.8580634593963623,0.21545928716659546
0.44572409987449646,0.15918362140655518
0.07317138463258743,0.0635235533118248
0.6869989037513733,0.2631251811981201
0.33354344964027405,0.09084083884954453
0.9016038775444031,0.18072085082530975
0.44419291615486145,0.17767426371574402
0.5136116147041321,0.17628295719623566
0.4173777401447296,0.2030906230211258
0.3069377541542053,0.0872795432806015
0.5923867225646973,0.21108882129192352
0.16244760155677795,0.08744550496339798
0.5375788807868958,0.24868243932724
0.40824782848358154,0.17144297063350677
0.38642647862434387,0.18399254977703094
0.274639368057251,0.07894311845302582
0.9212775826454163,0.14826342463493347
0.7895402908325195,0.16052374243736267
0.47010624408721924,0.1906283050775528
0.09195242822170258,0.10514331609010696
0.349934846162796,0.11200980097055435
0.10555668920278549,0.07607214152812958
0.7049488425254822,0.2721656858921051
0.30820128321647644,0.1325647234916687
0.9807532429695129,0.06695348024368286
0.1168278232216835,0.06643509864807129
0.28266870975494385,0.1317203938961029
0.523756206035614,0.2105637490749359
0.3255690932273865,0.12944738566875458
0.9819337725639343,0.08330859988927841
0.5139548182487488,0.2504057288169861
0.21564076840877533,0.1594594419002533
0.6717976331710815,0.21827922761440277
0.6970589756965637,0.241398423910141
0.4527707099914551,0.09148894250392914
0.49000170826911926,0.14007988572120667
0.381121963262558,0.2097182422876358
0.5609025955200195,0.18193401396274567
0.6869595646858215,0.2185128629207611
0.6426862478256226,0.1605837345123291
0.42762064933776855,0.14285141229629517
0.7264381647109985,0.20360662043094635
0.31503400206565857,0.16342204809188843
0.34036532044410706,0.09607793390750885
0.7198459506034851,0.27571964263916016
0.22103096544742584,0.08346627652645111
0.7490676641464233,0.20240284502506256
0.43325844407081604,0.1579701453447342
0.15076686441898346,0.04710996896028519
0.6735259294509888,0.17061613500118256
0.6262528300285339,0.16570375859737396
0.40485090017318726,0.16001862287521362
0.2843964993953705,0.1033625677227974
0.1597079038619995,0.09352545440196991
0.5632718801498413,0.1997327357530594
0.42010796070098877,0.14523623883724213
0.4570242464542389,0.25662633776664734
0.466208815574646,0.21981167793273926
0.3982623219490051,0.20226019620895386
0.638653576374054,0.1835259646177292
0.8187897801399231,0.2850140929222107
0.9784597158432007,0.0754714161157608
0.5668119192123413,0.1868661791086197
0.6000922322273254,0.2627328932285309
0.6051061153411865,0.18167176842689514
0.6117576360702515,0.20968863368034363
0.47469860315322876,0.1504826545715332
0.7091328501701355,0.12372303754091263
0.41468626260757446,0.17476896941661835
0.5214077234268188,0.19711941480636597
0.41729629039764404,0.17848826944828033
0.32161375880241394,0.16657821834087372
0.36505362391471863,0.11773842573165894
0.9314188957214355,0.1594880223274231
0.8080630898475647,0.24283011257648468
0.08445410430431366,0.05679623782634735
0.9055117964744568,0.17656788229942322
0.7407070398330688,0.18811741471290588
0.9638949632644653,0.1236872673034668
0.4864007234573364,0.12132243812084198
0.727304220199585,0.09892426431179047
0.4063587784767151,0.1040864810347557
0.3924463391304016,0.13476893305778503
0.2712942957878113,0.07334329932928085
0.6835342645645142,0.18299350142478943
0.7193759083747864,0.1325589120388031
0.4838671386241913,0.26693740487098694
0.7108761072158813,0.23802271485328674
0.6844974756240845,0.10561887919902802
0.3407866954803467,0.11438260972499847
0.27217134833335876,0.039425887167453766
0.4155992865562439,0.1975100040435791
0.17729663848876953,0.08869022876024246
0.9862921237945557,0.06739597022533417
0.6323838233947754,0.15360552072525024
0.4577777087688446,0.10300231724977493
0.9140398502349854,0.1575222611427307
0.6758376955986023,0.13542616367340088
0.21893112361431122,0.044589295983314514
0.49993759393692017,0.15417952835559845
0.6783445477485657,0.17075495421886444
0.3896736204624176,0.2233804613351822
0.11077654361724854,0.04599279165267944
0.496720552444458,0.09331255406141281
0.582940399646759,0.26036766171455383
0.6809855103492737,0.19920547306537628
0.6949246525764465,0.17067573964595795
0.8189842104911804,0.17939125001430511
0.25582119822502136,0.09144186228513718
0.9345871210098267,0.1673118621110916
0.13475103676319122,0.07896605134010315
0.9375054836273193,0.12671338021755219
0.278019517660141,0.12510685622692108
0.3532695174217224,0.10619091242551804
0.6388360857963562,0.22186437249183655
0.5581661462783813,0.1835692971944809
0.44589924812316895,0.18124085664749146
0.8062641024589539,0.3009709119796753
0.13919781148433685,0.08444113284349442
0.7665026187896729,0.17071957886219025
0.5995796918869019,0.21717248857021332
0.1962071657180786,0.09313833713531494
0.28647348284721375,0.14285875856876373
0.9829794764518738,0.04783768579363823
0.2672124207019806,0.06284330785274506
0.5845898985862732,0.13064050674438477
0.509199321269989,0.18892954289913177
0.5889291763305664,0.15480728447437286
0.4214153587818146,0.11724837124347687
0.9563174247741699,0.11269734054803848
0.930512547492981,0.1267004758119583
0.5185742378234863,0.1831488162279129
0.8016788363456726,0.17894890904426575
0.6110671162605286,0.14531749486923218
0.2485894411802292,0.13018760085105896
0.45603644847869873,0.26997166872024536
0.9403479695320129,0.1114765927195549
0.1736421436071396,0.06978195905685425
0.19307631254196167,0.09450408071279526
0.08224116265773773,0.06558738648891449
0.9403405785560608,0.11647253483533859
0.3235705494880676,0.19249695539474487
0.32425108551979065,0.20058593153953552
0.22121667861938477,0.07322045415639877
0.6653171181678772,0.24620723724365234
0.3979785740375519,0.11835095286369324
0.6579357385635376,0.232957661151886
0.7153258919715881,0.16306862235069275
0.9157077074050903,0.07015621662139893
0.25589120388031006,0.02909979224205017
0.6709842085838318,0.23832662403583527
0.3030559718608856,0.13199742138385773
0.3827456533908844,0.21737049520015717
0.6049173474311829,0.22147822380065918
0.57645183801651,0.16463927924633026
0.6846230626106262,0.2017681747674942
0.3416067063808441,0.12693561613559723
0.5486859083175659,0.17756831645965576
0.3450509309768677,0.2263460010290146
0.30786576867103577,0.0806787833571434
0.40441402792930603,0.1132163256406784
0.2748982310295105,0.08414985239505768
0.8697081208229065,0.24089695513248444
0.6122675538063049,0.15279649198055267
0.9775150418281555,0.06868058443069458
0.2827394902706146,0.08469092100858688
0.2036817967891693,0.0795498713850975
0.5251218676567078,0.1648702323436737
0.3220369219779968,0.0736188068985939
0.6973809599876404,0.19772127270698547
0.4911845028400421,0.10847552120685577
0.46609240770339966,0.1920916736125946
0.6284509301185608,0.17616374790668488
0.35224589705467224,0.20616775751113892
0.5656813383102417,0.13897845149040222
0.40648695826530457,0.10126101225614548
0.3782407343387604,0.12116678059101105
0.3785010278224945,0.1374489814043045
0.44266176223754883,0.12079500406980515
0.41702619194984436,0.13252893090248108
0.4776495695114136,0.20178404450416565
0.41529062390327454,0.17344558238983154
0.382753849029541,0.12386175990104675
0.5458955764770508,0.1397244930267334
0.9814241528511047,0.08075666427612305
0.4626537263393402,0.18890929222106934
0.4459083080291748,0.1348036825656891
0.7585482001304626,0.13174715638160706
0.6460751891136169,0.20190036296844482
0.44028499722480774,0.15971969068050385
0.5709924101829529,0.23827919363975525
0.6484395861625671,0.23595884442329407
0.5908936262130737,0.1883750706911087
0.7478998303413391,0.3435359001159668
0.7429600358009338,0.19364558160305023
0.15740518271923065,0.1400425136089325
0.9809584021568298,0.10139966011047363
0.7803827524185181,0.2373477965593338
0.36577898263931274,0.14349959790706635
0.5918756127357483,0.1606607586145401
0.4526377022266388,0.1395202875137329
0.4595485329627991,0.15333782136440277
0.5827202200889587,0.19651912152767181
0.8721734881401062,0.1416967213153839
0.4973645508289337,0.14946217834949493
0.6550306677818298,0.22087013721466064
0.50374436378479,0.15366452932357788
0.9627612233161926,0.13137757778167725
0.4925757348537445,0.1817040741443634
0.5304040312767029,0.1302436739206314
0.7851996421813965,0.19339832663536072
0.35247111320495605,0.07163409143686295
0.979350745677948,0.07949621975421906
0.19836440682411194,0.06735297292470932
0.5093479752540588,0.16039887070655823
0.9202710390090942,0.19537901878356934
0.6028295159339905,0.17176981270313263
0.9507442712783813,0.1668897569179535
0.722591757774353,0.21944044530391693
0.9661960601806641,0.0969129204750061
0.20984601974487305,0.05181644484400749
0.5728621482849121,0.160517618060112
0.3734632432460785,0.12319277226924896
0.6402210593223572,0.19088135659694672
0.238682359457016,0.08645588159561157
0.12066072970628738,0.06355220079421997
0.9281975626945496,0.12108880281448364
0.5815150141716003,0.1578121930360794
0.46513471007347107,0.14346085488796234
0.33098575472831726,0.16603147983551025
0.5889490246772766,0.17921236157417297
0.5497388243675232,0.11655109375715256
0.43695008754730225,0.1279458999633789
0.9904823303222656,0.05407874658703804
0.555804967880249,0.29787880182266235
0.23980148136615753,0.0454951673746109
0.633873701095581,0.16865170001983643
0.952484130859375,0.09454214572906494
0.993242084980011,0.0436035580933094
0.26509368419647217,0.13893122971057892
0.3884677588939667,0.1051076278090477
0.2998531460762024,0.07269415259361267
0.530219316482544,0.13376030325889587
0.8145388960838318,0.1985391080379486
0.2215309739112854,0.14368540048599243
0.46869686245918274,0.186097651720047
0.3468261659145355,0.13513042032718658
0.3885333836078644,0.19863992929458618
0.9732463955879211,0.08997665345668793
0.4151703715324402,0.14238059520721436
0.20536676049232483,0.07660011947154999
0.9787984490394592,0.13112051784992218
0.4564501643180847,0.21114350855350494
0.39929065108299255,0.2204972356557846
0.501419186592102,0.2607480585575104
0.4179121255874634,0.20402228832244873
0.8975843787193298,0.1753656566143036
0.7956172227859497,0.08840934187173843
0.6443214416503906,0.18003226816654205
0.4220205843448639,0.1144426241517067
0.7362013459205627,0.23441733419895172
0.8254254460334778,0.1925269514322281
0.22336113452911377,0.15560153126716614
0.5458257794380188,0.2345651239156723
0.5202075839042664,0.1917179822921753
0.4548119008541107,0.2883409261703491
0.4736618399620056,0.11869405955076218
0.31156012415885925,0.0751526802778244
0.6416279673576355,0.20644992589950562
0.5280290842056274,0.1789613664150238
0.1000642329454422,0.09727443754673004
0.8804582953453064,0.22805576026439667
0.20015406608581543,0.0683424323797226
0.4819640815258026,0.10647058486938477
0.4564778804779053,0.13114343583583832
0.29560980200767517,0.047301389276981354
0.802736222743988,0.16668862104415894
0.9908129572868347,0.055141594260931015
0.597791314125061,0.10887596756219864
0.38170257210731506,0.0892990380525589
0.2601631283760071,0.14574357867240906
0.5691527128219604,0.20564548671245575
0.8803315758705139,0.12136505544185638
0.36543750762939453,0.10447642207145691
0.31204724311828613,0.09394130110740662
0.34055230021476746,0.06037846952676773
0.35561490058898926,0.12820486724376678
0.3779563307762146,0.16564439237117767
0.4752548933029175,0.11825395375490189
0.39019250869750977,0.14372430741786957
0.5809296369552612,0.18407170474529266
0.3928098976612091,0.14836306869983673
0.9321014285087585,0.12697748839855194
0.9407951831817627,0.06837321817874908
0.5783385634422302,0.1838919073343277
0.44792285561561584,0.12466579675674438
0.23609082400798798,0.06032373383641243
0.7485418915748596,0.15879294276237488
0.4521321654319763,0.151369109749794
0.8429967761039734,0.272369384765625
0.5489397644996643,0.2812672257423401
0.47541001439094543,0.15700067579746246
0.9049449563026428,0.1582612842321396
0.7025088667869568,0.1307116001844406
0.46513286232948303,0.1902797967195511
0.2143598347902298,0.25253158807754517
0.4944741129875183,0.1983220875263214
0.5809015035629272,0.2650693356990814
0.4545966684818268,0.145530104637146
0.9200501441955566,0.1222013607621193
0.9378748536109924,0.15861690044403076
0.3995342254638672,0.12518100440502167
0.9197791814804077,0.1589878499507904
0.4941679537296295,0.281520813703537
0.5968647599220276,0.21190741658210754
0.2809973657131195,0.04220011457800865
0.6174994707107544,0.09762347489595413
0.40737059712409973,0.16513784229755402
0.5455279350280762,0.16751354932785034
0.33879879117012024,0.11782786250114441
0.9049158692359924,0.19187705218791962
0.8385949730873108,0.2959078848361969
0.48817920684814453,0.13635018467903137
0.4821389317512512,0.13570396602153778
0.7877204418182373,0.10850687325000763
0.588371992111206,0.1749243587255478
0.13565705716609955,0.04103745147585869
0.30925366282463074,0.08884057402610779
0.5705124139785767,0.21161413192749023
0.6773428320884705,0.19898810982704163
0.7062414884567261,0.23869557678699493
0.7565540671348572,0.22363503277301788
0.46140405535697937,0.13574138283729553
0.5432609915733337,0.17622233927249908
0.8662932515144348,0.20096459984779358
0.4032863676548004,0.12132533639669418
0.9395415186882019,0.1607336848974228
0.9760405421257019,0.07602271437644958
0.9275495409965515,0.1564989984035492
0.393890917301178,0.14365558326244354
0.23697778582572937,0.08018258213996887
0.1879855990409851,0.14274318516254425
0.5736080408096313,0.1795501410961151
0.9477331638336182,0.147823765873909
0.2639347016811371,0.07472995668649673
0.2771873474121094,0.054207999259233475
0.49945515394210815,0.16729049384593964
0.6184640526771545,0.13611389696598053
0.5961509943008423,0.18124587833881378
0.5767503976821899,0.14494821429252625
0.7511972784996033,0.15203674137592316
0.13756680488586426,0.04091981053352356
0.8579124808311462,0.17576390504837036
0.98204505443573,0.060183268040418625
0.45552659034729004,0.14719697833061218
0.6994910836219788,0.254837304353714
0.4733961820602417,0.19725432991981506
0.2887101471424103,0.09328912943601608
0.5603299140930176,0.15890714526176453
0.4647044241428375,0.1602281779050827
0.6517749428749084,0.12690895795822144
0.5514750480651855,0.21520818769931793
0.2000362128019333,0.005217358469963074
0.7431904673576355,0.18759839236736298
0.6443188786506653,0.17983831465244293
0.4121517539024353,0.12191636860370636
0.5502888560295105,0.18483014404773712
0.9856265187263489,0.05916105583310127
0.342810720205307,0.09603019058704376
0.6304091215133667,0.1797342747449875
0.1924823373556137,0.1412542313337326
0.21681085228919983,0.0757153183221817
0.21684573590755463,0.07655654102563858
0.8779776692390442,0.1881968379020691
0.21849748492240906,0.045723337680101395
0.3549168109893799,0.17363642156124115
0.34891486167907715,0.14433592557907104
0.5135685205459595,0.25054773688316345
0.9943529367446899,0.03529159352183342
0.359918475151062,0.09617052227258682
0.7102106809616089,0.2847846448421478
0.43485334515571594,0.11716174334287643
0.4250367283821106,0.1373942643404007
0.2951565980911255,0.07211437821388245
0.41235488653182983,0.12138374894857407
0.6890770792961121,0.23528960347175598
0.8517208695411682,0.17713220417499542
0.6244931817054749,0.1809995323419571
0.5642507672309875,0.21350398659706116
0.26434600353240967,0.04399043321609497
0.8721029162406921,0.18151818215847015
0.8711230158805847,0.18031737208366394
0.14204563200473785,0.20254842936992645
0.8954376578330994,0.13553103804588318
0.5189704298973083,0.14140696823596954
0.7041381597518921,0.30851298570632935
0.8937962055206299,0.1906418651342392
0.6185126900672913,0.17050975561141968
0.6077081561088562,0.17427851259708405
0.5899591445922852,0.13673043251037598
0.27048084139823914,0.1501348614692688
0.628526508808136,0.24109840393066406
0.5742935538291931,0.18256397545337677
0.24246183037757874,0.1477527767419815
0.4109663963317871,0.15595611929893494
0.29288941621780396,0.12090391665697098
0.3779486119747162,0.11755503714084625
0.3773367404937744,0.09370571374893188
0.2064700871706009,0.05972640961408615
0.6566816568374634,0.19107456505298615
0.5873565077781677,0.18548054993152618
0.9159836769104004,0.15107901394367218
0.20352408289909363,0.08711239695549011
0.9719529151916504,0.09531943500041962
0.31422990560531616,0.10352141410112381
0.8648543357849121,0.17176860570907593
0.2921675443649292,0.09257440268993378
0.5184890627861023,0.14131715893745422
0.42853453755378723,0.196540966629982
0.5558521151542664,0.14360882341861725
0.7912622094154358,0.3129867911338806
0.5441972017288208,0.20217911899089813
0.7175142168998718,0.1836153268814087
0.6087817549705505,0.20195645093917847
0.23642732203006744,0.112077996134758
0.32953840494155884,0.12766405940055847
0.4726308584213257,0.11525292694568634
0.9724327921867371,0.09168609976768494
0.9875303506851196,0.054276347160339355
0.9625753164291382,0.1403205245733261
0.04461659863591194,0.07739900052547455
0.3973615765571594,0.10011445730924606
0.7198670506477356,0.17346473038196564
0.26896873116493225,0.10470044612884521
0.6923672556877136,0.21746313571929932
0.6208251714706421,0.1794854700565338
0.32912319898605347,0.10375148057937622
0.5390264391899109,0.1270945519208908
0.3811340630054474,0.13768044114112854
0.3765382170677185,0.11993878334760666
0.5199390053749084,0.11867289245128632
0.5405904650688171,0.12974530458450317
0.6101428866386414,0.1392994225025177
0.9522294402122498,0.14222382009029388
0.3154808580875397,0.18806079030036926
0.8465815186500549,0.2114301174879074
0.5802702307701111,0.1478951871395111
0.4967330992221832,0.13742080330848694
0.9182559847831726,0.1557135283946991
0.38791725039482117,0.10106665641069412
0.9056484699249268,0.15780377388000488
0.5898405909538269,0.22686298191547394
0.6359593868255615,0.17333640158176422
0.30642130970954895,0.14916998147964478
0.6685453057289124,0.16549979150295258
0.18999190628528595,0.06221134588122368
0.22953273355960846,0.1088511273264885
0.590409517288208,0.12958312034606934
0.5009934902191162,0.1345808058977127
0.6662476062774658,0.12011171132326126
0.550402820110321,0.1700742542743683
0.2654308080673218,0.07628016918897629
0.551852285861969,0.08673010766506195
0.6300999522209167,0.17584815621376038
0.8054841756820679,0.253030925989151
0.4404423236846924,0.10146589577198029
0.329192191362381,0.09629171341657639
0.7633894681930542,0.17084453999996185
0.5651577115058899,0.23574982583522797
0.3670985996723175,0.132801353931427
0.6046127676963806,0.12289486825466156
0.6821298599243164,0.2651976943016052
0.8505086898803711,0.08043286949396133
0.5662034749984741,0.2180151790380478
0.6763596534729004,0.1521391123533249
0.06901595741510391,0.05480370670557022
0.4058362543582916,0.11980903148651123
0.21020923554897308,0.07115703076124191
0.48729193210601807,0.22788767516613007
0.6158540844917297,0.26250436902046204
0.7659409046173096,0.26681214570999146
0.2125176340341568,0.09797058999538422
0.5296908020973206,0.136080801486969
0.7904497981071472,0.09550070762634277
0.26317280530929565,0.06074737757444382
0.9001239538192749,0.16320987045764923
0.260486364364624,0.03926212713122368
0.35650861263275146,0.1640799641609192
0.8563414812088013,0.2321617752313614
0.651006817817688,0.09222865849733353
0.6580890417098999,0.23727265000343323
0.4366801977157593,0.13502085208892822
0.477297306060791,0.12724250555038452
0.4024128317832947,0.1337941735982895
0.27146825194358826,0.09005630016326904
0.2903555929660797,0.1184917539358139
0.17293815314769745,0.04800306260585785
0.6147654056549072,0.17444062232971191
0.4101512134075165,0.11823063343763351
0.3660407066345215,0.12427395582199097
0.39597371220588684,0.18916721642017365
0.3951737880706787,0.13392330706119537
0.6859269142150879,0.1884479820728302
0.705297589302063,0.2581743001937866
0.39743438363075256,0.12213599681854248
0.4054940938949585,0.1482817381620407
0.5376832485198975,0.16293154656887054
0.6333299875259399,0.1882118433713913
0.8923060894012451,0.22011823952198029
0.5791243314743042,0.1625939905643463
0.5442366003990173,0.1648196280002594
0.49516966938972473,0.25417405366897583
0.9899368286132812,0.034614965319633484
0.6566559672355652,0.17375418543815613
0.1499144732952118,0.10227750241756439
0.5777892470359802,0.15628117322921753
0.3501392900943756,0.11048109084367752
0.9666635990142822,0.07951854914426804
0.1999310702085495,0.02951747551560402
0.6727243661880493,0.16464093327522278
0.7108112573623657,0.23453585803508759
0.41880494356155396,0.12994679808616638
0.634361743927002,0.26714789867401123
0.6259979605674744,0.2605954706668854
0.6840574741363525,0.209619402885437
0.5005218982696533,0.10092872381210327
0.4479528069496155,0.13228197395801544
0.8056905269622803,0.19426245987415314
0.1664351224899292,0.049852218478918076
0.5946111083030701,0.28084900975227356
0.9793502688407898,0.07042551040649414
0.3522360324859619,0.19954220950603485
0.5507162809371948,0.11980894207954407
0.8082358837127686,0.20095549523830414
0.32776951789855957,0.13119685649871826
0.41929128766059875,0.11229617893695831
0.9853949546813965,0.05606650188565254
0.942693829536438,0.12875652313232422
0.473897248506546,0.16748960316181183
0.6391408443450928,0.20468494296073914
0.4368114471435547,0.21432910859584808
0.5154948234558105,0.12430907040834427
0.3915184736251831,0.07662258297204971
0.9752848148345947,0.06868845969438553
0.1274861842393875,0.2241487056016922
0.24512892961502075,0.13134081661701202
0.16727983951568604,0.060462020337581635
0.703963041305542,0.1450471580028534
0.9216555953025818,0.2083829790353775
0.6559354066848755,0.15894706547260284
0.2897483706474304,0.13379308581352234
0.5901973843574524,0.1536872237920761
0.9858231544494629,0.07019531726837158
0.4076848328113556,0.13805405795574188
0.5192312598228455,0.14617545902729034
0.4399990439414978,0.15882644057273865
0.1952293962240219,0.08947833627462387
0.2680765688419342,0.11081760376691818
0.7735661864280701,0.15158525109291077
0.4827565848827362,0.1670556366443634
0.868079662322998,0.06915853172540665
0.21244072914123535,0.08902782201766968
0.2969239354133606,0.09095138311386108
0.9399018287658691,0.1372823864221573
0.23261208832263947,0.1380423605442047
0.31805673241615295,0.08338082581758499
0.9839107990264893,0.06597564369440079
0.388325572013855,0.1707657426595688
0.40591001510620117,0.09719125926494598
0.29325753450393677,0.05128796026110649
0.5320277214050293,0.1985858827829361
0.9874366521835327,0.054335854947566986
0.5880513787269592,0.1760115921497345
0.45907461643218994,0.1326521784067154
0.8398020267486572,0.20153677463531494
0.49728822708129883,0.13013961911201477
0.6769780516624451,0.22117480635643005
0.4006372392177582,0.19346214830875397
0.41445258259773254,0.23818975687026978
0.6742656826972961,0.13069769740104675
0.8034570813179016,0.1343848705291748
0.8825506567955017,0.17496977746486664
0.3485161364078522,0.06207631155848503
0.9935203194618225,0.03889564052224159
0.7699010968208313,0.15997083485126495
0.8872264623641968,0.37195003032684326
0.5849465727806091,0.12863598763942719
0.5693503618240356,0.17361336946487427
0.373527467250824,0.28512459993362427
0.3361284136772156,0.10876811295747757
0.3471936285495758,0.10566653311252594
0.7666540741920471,0.189924955368042
0.7789744734764099,0.20946450531482697
0.3431885242462158,0.29040253162384033
0.39846280217170715,0.12534397840499878
0.8863751292228699,0.1721523106098175
0.9593066573143005,0.12953273952007294
0.48402175307273865,0.15833210945129395
0.3583424687385559,0.14829227328300476
0.24527080357074738,0.12537021934986115
0.32158660888671875,0.0925384983420372
0.7651121616363525,0.3101946711540222
0.7106733322143555,0.09276702255010605
0.2323729246854782,0.07578953355550766
0.9494171142578125,0.07925485074520111
0.9410341382026672,0.12058281898498535
0.9576817154884338,0.11023810505867004
0.6170948147773743,0.20989741384983063
0.6812115907669067,0.18585477769374847
0.5618200302124023,0.1267639547586441
0.6161001920700073,0.1653331220149994
0.3257984220981598,0.1204836517572403
0.25653311610221863,0.10436994582414627
0.2738189101219177,0.0736188068985939
0.9559578895568848,0.14023590087890625
0.5286543965339661,0.09024985134601593
0.6139491200447083,0.22849798202514648
0.2765137255191803,0.1837633103132248
0.6492143869400024,0.26764625310897827
0.4803120195865631,0.20148752629756927
0.31460848450660706,0.04873906821012497
0.67253577709198,0.15449006855487823
0.49062684178352356,0.1539381742477417
0.9334938526153564,0.12619249522686005
0.37252992391586304,0.10447148978710175
0.3415147066116333,0.14609897136688232
0.4344108998775482,0.1530257612466812
0.5282945036888123,0.1604577749967575
0.4839872717857361,0.1798483282327652
0.5570288896560669,0.16484928131103516
0.4960773289203644,0.14721937477588654
0.5402708053588867,0.23603935539722443
0.5378106832504272,0.16922524571418762
0.46254587173461914,0.15834486484527588
0.623194694519043,0.17395581305027008
0.2912095785140991,0.12916338443756104
0.11750422418117523,0.0775076225399971
0.4085257053375244,0.09490925073623657
0.6944267749786377,0.18582721054553986
0.6017968058586121,0.1892416626214981
0.37256309390068054,0.15713700652122498
0.06109306588768959,0.040212541818618774
0.9859288334846497,0.06460294872522354
0.48330533504486084,0.21069195866584778
0.5579329133033752,0.22957110404968262
0.33715859055519104,0.15617819130420685
0.5460777282714844,0.12518930435180664
0.5350825786590576,0.12963590025901794
0.5277774930000305,0.24703127145767212
0.9089818596839905,0.047804348170757294
0.5189768671989441,0.14494016766548157
0.6902581453323364,0.13380610942840576
0.276466965675354,0.18602624535560608
0.5667040944099426,0.16939732432365417
0.9413432478904724,0.14557337760925293
0.42298051714897156,0.12895645201206207
0.4128997325897217,0.11625389754772186
0.30883824825286865,0.09290314465761185
0.6773616671562195,0.1600809395313263
0.31889575719833374,0.041839320212602615
0.6392454504966736,0.19618932902812958
0.6465158462524414,0.16976520419120789
0.19903090596199036,0.08520811051130295
0.17600223422050476,0.12869161367416382
0.6735620498657227,0.19737020134925842
0.9739400744438171,0.08394011855125427
0.5824818015098572,0.17186568677425385
0.6482923030853271,0.22346389293670654
0.42375266551971436,0.23526769876480103
0.23595882952213287,0.11235817521810532
0.4382838010787964,0.19189541041851044
0.47887474298477173,0.20555809140205383
0.8608638048171997,0.16296572983264923
0.6897175312042236,0.13105741143226624
0.7105193734169006,0.15439429879188538
0.1612566113471985,0.08238283544778824
0.47255662083625793,0.13774503767490387
0.2807885408401489,0.079609714448452
0.8637686967849731,0.1893455982208252
0.2387852519750595,0.05712376907467842
0.7254082560539246,0.17411614954471588
0.6161571741104126,0.20729435980319977
0.9547926783561707,0.08600707352161407
0.3374629020690918,0.16327939927577972
0.3040340840816498,0.16530494391918182
0.6046382188796997,0.13957394659519196
0.2758360207080841,0.10402889549732208
0.5702398419380188,0.16072146594524384
0.1803004890680313,0.061540212482213974
0.1715598702430725,0.02789868600666523
0.5209646821022034,0.21677419543266296
0.4358796179294586,0.15048745274543762
0.45482969284057617,0.18621662259101868
0.4772348999977112,0.1592133790254593
0.48501139879226685,0.13562943041324615
0.6739740967750549,0.09994662553071976
0.42870351672172546,0.2277931421995163
0.4756649434566498,0.18035630881786346
0.21515101194381714,0.06364008039236069
0.3745577931404114,0.17110173404216766
0.753153383731842,0.14653125405311584
0.9805054068565369,0.07354342192411423
0.5004547834396362,0.14100512862205505
0.33605173230171204,0.16952793300151825
0.642562985420227,0.19483032822608948
0.5218595266342163,0.17145997285842896
0.36801978945732117,0.12871728837490082
0.22035953402519226,0.09628893435001373
0.4720251262187958,0.15614667534828186
0.6287064552307129,0.20340615510940552
0.41069161891937256,0.12236284464597702
0.5358964800834656,0.1504654437303543
0.2795175611972809,0.15952268242835999
0.5534326434135437,0.23742085695266724
0.5292906165122986,0.14831611514091492
0.3437294363975525,0.11614673584699631
0.3088299334049225,0.043414659798145294
0.30259162187576294,0.0956239253282547
0.6257609128952026,0.14054861664772034
0.13957156240940094,0.0645696222782135
0.28007781505584717,0.0718260407447815
0.23741333186626434,0.12973426282405853
0.5777915120124817,0.1492926925420761
0.5121328234672546,0.17882272601127625
0.20530907809734344,0.1307368129491806
0.9510559439659119,0.1145605593919754
0.7218121886253357,0.15766112506389618
0.755534291267395,0.14859504997730255
0.9705305695533752,0.10426633059978485
0.6895855069160461,0.2796979248523712
0.5904306769371033,0.1824318766593933
0.43058425188064575,0.13323938846588135
0.4561566710472107,0.16048337519168854
0.2881031036376953,0.09040141850709915
0.6219555139541626,0.2203923761844635
0.30753764510154724,0.1527911275625229
0.7444924116134644,0.17286255955696106
0.915080189704895,0.15461447834968567
0.568171501159668,0.21127869188785553
0.49405238032341003,0.1522478610277176
0.4597523808479309,0.1588619202375412
0.26298606395721436,0.16250422596931458
0.44681698083877563,0.11608231067657471
0.6661714911460876,0.19147242605686188
0.4174878001213074,0.13688281178474426
0.683904230594635,0.19382916390895844
0.7789751887321472,0.09435731172561646
0.7973068952560425,0.20634132623672485
0.10987459123134613,0.07371287792921066
0.3634118437767029,0.1350964903831482
0.5707452893257141,0.16745764017105103
0.8786288499832153,0.16034920513629913
0.49447789788246155,0.13758796453475952
0.5035104155540466,0.12310181558132172
0.3518907427787781,0.12223926931619644
0.6074835658073425,0.23530666530132294
0.7132876515388489,0.23585869371891022
0.7292938828468323,0.1645200550556183
0.9774019718170166,0.13300801813602448
0.6984353065490723,0.10566598176956177
0.5503671765327454,0.19433769583702087
0.9062976837158203,0.13689227402210236
0.33851295709609985,0.14644357562065125
0.1354134976863861,0.08383401483297348
0.6956005096435547,0.19963054358959198
0.2886695861816406,0.10898805409669876
0.6094751954078674,0.20921742916107178
0.6883756518363953,0.16523566842079163
0.35182294249534607,0.1346312314271927
0.6148557066917419,0.18795530498027802
0.3228180706501007,0.08055028319358826
0.27311059832572937,0.0402720682322979
0.3738352060317993,0.15985147655010223
0.5019538402557373,0.11353394389152527
0.4712369740009308,0.16925901174545288
0.569437563419342,0.2086751013994217
0.27755415439605713,0.24553264677524567
0.5631363391876221,0.13649392127990723
0.1476106345653534,0.08392497152090073
0.6540176272392273,0.2413177490234375
0.492939293384552,0.1730760633945465
0.9364708662033081,0.13923890888690948
0.6625832319259644,0.11124905198812485
0.31324395537376404,0.08861862123012543
0.6183237433433533,0.162088081240654
0.22045961022377014,0.10984019190073013
0.7665156722068787,0.20071688294410706
0.38182714581489563,0.12968428432941437
0.8896047472953796,0.17385868728160858
0.09214095771312714,0.0438234843313694
0.46307533979415894,0.1348545253276825
0.6247999668121338,0.22056429088115692
0.22380264103412628,0.0639137476682663
0.6360875368118286,0.2126886248588562
0.6339694857597351,0.24524778127670288
0.5202212929725647,0.16869330406188965
0.5707621574401855,0.14005643129348755
0.34239062666893005,0.255838543176651
0.19645710289478302,0.08440693467855453
0.9600105881690979,0.12516610324382782
0.9629383087158203,0.10223352164030075
0.5944922566413879,0.09751904755830765
0.7321772575378418,0.16267286241054535
0.7082344889640808,0.25579679012298584
0.5597909092903137,0.18650218844413757
0.6074015498161316,0.1547534316778183
0.6184760928153992,0.18748176097869873
0.5157750248908997,0.15141741931438446
0.8182183504104614,0.24119988083839417
0.24599377810955048,0.14637038111686707
0.2846108675003052,0.04688143730163574
0.34183478355407715,0.09598907828330994
0.620209276676178,0.18257565796375275
0.7867558002471924,0.1657094806432724
0.39399096369743347,0.10120858252048492
0.4410463571548462,0.22511976957321167
0.448490709066391,0.1531125158071518
0.8768996596336365,0.08665291219949722
0.24985994398593903,0.07826956361532211
0.7390144467353821,0.23504072427749634
0.23418965935707092,0.07965201884508133
0.6093871593475342,0.13364239037036896
0.35496124625205994,0.11424770206212997
0.5987318158149719,0.13544456660747528
0.6755890250205994,0.11657366156578064
0.5105782747268677,0.12411399930715561
0.9448327422142029,0.11385013908147812
0.6021015048027039,0.20295123755931854
0.7270147204399109,0.23171259462833405
0.9551274180412292,0.1091775968670845
0.6432724595069885,0.1954697072505951
0.5281258821487427,0.22215120494365692
0.7391560673713684,0.21094588935375214
0.6129834055900574,0.1811634600162506
0.2106754183769226,0.057562872767448425
0.5427084565162659,0.23210455477237701
0.7121372222900391,0.17559127509593964
0.6223695874214172,0.13185782730579376
0.3486771285533905,0.12268856167793274
0.8874430656433105,0.18960657715797424
0.4765344262123108,0.12457463890314102
0.2600880265235901,0.07972312718629837
0.31747859716415405,0.24879887700080872
0.2756717801094055,0.06361857056617737
0.7812959551811218,0.19922171533107758
0.45006662607192993,0.1255960911512375
0.36852091550827026,0.06251496076583862
0.2435678094625473,0.061753299087285995
0.44755780696868896,0.16507647931575775
0.4479038119316101,0.1985788196325302
0.24970293045043945,0.1233435720205307
0.4385543167591095,0.19434092938899994
0.2879800796508789,0.09119635820388794
0.7638278007507324,0.1595567911863327
0.8407387733459473,0.1657777726650238
0.45164769887924194,0.2243136763572693
0.39180251955986023,0.13627970218658447
0.5625143647193909,0.2475052922964096
0.2514726221561432,0.07554779946804047
0.5927749872207642,0.19616660475730896
0.48277342319488525,0.1410968005657196
0.3032645583152771,0.054604001343250275
0.9569226503372192,0.059601809829473495
0.30835187435150146,0.15127743780612946
0.3083980083465576,0.12098667770624161
0.5163356065750122,0.2431657463312149
0.5258268117904663,0.20274296402931213
0.5226559042930603,0.16304586827754974
0.9039269089698792,0.09665162116289139
0.25753799080848694,0.07009480893611908
0.41457992792129517,0.18898579478263855
0.9305187463760376,0.12201512604951859
0.9580993056297302,0.11047455668449402
0.1810523271560669,0.080222949385643
0.21277013421058655,0.14318832755088806
0.6527574062347412,0.1878654807806015
0.4866756498813629,0.11664016544818878
0.4385145604610443,0.17208164930343628
0.3455282747745514,0.14132176339626312
0.557528555393219,0.17037038505077362
0.39844250679016113,0.1370018720626831
0.34259289503097534,0.1023741140961647
0.6657201647758484,0.18039995431900024
0.8835663199424744,0.20305372774600983
0.9834137558937073,0.06829449534416199
0.958757221698761,0.07440708577632904
0.8032821416854858,0.11914179474115372
0.5373223423957825,0.1487559676170349
0.168856680393219,0.10806340724229813
0.24193136394023895,0.15689437091350555
0.22391653060913086,0.024209199473261833
0.3997637927532196,0.1302432119846344
0.6066135168075562,0.10079584270715714
0.4064990282058716,0.13872869312763214
0.497832328081131,0.11428850889205933
0.5060456395149231,0.14639826118946075
0.19123604893684387,0.09721367061138153
0.8380403518676758,0.17747536301612854
0.4321456849575043,0.19293519854545593
0.4405953586101532,0.15808691084384918
0.601115345954895,0.19358739256858826
0.8603664040565491,0.20396272838115692
0.409091979265213,0.15934626758098602
0.7790241837501526,0.13914301991462708
0.3132254183292389,0.13088782131671906
0.3377343416213989,0.08273617923259735
0.4775608777999878,0.09635881334543228
0.4117257297039032,0.09994898736476898
0.3883048892021179,0.049499738961458206
0.6532654166221619,0.16644299030303955
0.21764884889125824,0.19473953545093536
0.7459836602210999,0.20679865777492523
0.46678289771080017,0.18763579428195953
0.3597773611545563,0.06806693226099014
0.25793904066085815,0.0942712128162384
0.5675545930862427,0.11904843151569366
0.2732921242713928,0.07647497206926346
0.3546100854873657,0.08869029581546783
0.6116816401481628,0.1752815991640091
0.38486582040786743,0.12525925040245056
0.24615482985973358,0.11462410539388657
0.2915952205657959,0.1440812647342682
0.45413729548454285,0.0898277536034584
0.6354345679283142,0.2442154586315155
0.3259972929954529,0.08991191536188126
0.3834329843521118,0.12405498325824738
0.18049868941307068,0.08426816761493683
0.49352097511291504,0.18806669116020203
0.10647178441286087,0.04533933848142624
0.9922629594802856,0.04413789138197899
0.6458919644355774,0.11470434069633484
0.47135475277900696,0.20479929447174072
0.500277042388916,0.18327374756336212
0.9464487433433533,0.11158793419599533
0.6695094704627991,0.17262940108776093
0.7270761728286743,0.28001704812049866
0.38908475637435913,0.12277962267398834
0.276362806558609,0.07459428161382675
0.30285078287124634,0.2222970426082611
0.26917216181755066,0.06650901585817337
0.5112301707267761,0.18757694959640503
0.3302362263202667,0.11050606518983841
0.5364919900894165,0.23313812911510468
0.3423022925853729,0.10139738768339157
0.38749393820762634,0.16763551533222198
0.9205352663993835,0.14887160062789917
0.45983460545539856,0.14294442534446716
0.7668768167495728,0.16120269894599915
0.49945956468582153,0.15904638171195984
0.6400260925292969,0.2407524436712265
0.5227968096733093,0.17382223904132843
0.530524730682373,0.18373921513557434
0.4297291040420532,0.2784707546234131
0.5790927410125732,0.19696366786956787
0.5821697115898132,0.17116639018058777
0.15499629080295563,0.0346294604241848
0.2676811218261719,0.06781260669231415
0.5982882380485535,0.17058047652244568
0.9715429544448853,0.07671573758125305
0.3162161409854889,0.1644638031721115
0.4474242925643921,0.18545816838741302
0.7224120497703552,0.13918210566043854
0.3286542296409607,0.08593045920133591
0.33992141485214233,0.11588117480278015
0.5164520740509033,0.30652254819869995
0.7718137502670288,0.18967731297016144
0.4597187638282776,0.09571506828069687
0.526880145072937,0.13734057545661926
0.29108279943466187,0.08085436373949051
0.9024972319602966,0.17711016535758972
0.6135779023170471,0.2503029406070709
0.9924904704093933,0.03951583430171013
0.42032089829444885,0.18770967423915863
0.7069224119186401,0.2294798195362091
0.7075051069259644,0.18236638605594635
0.582580029964447,0.1954379677772522
0.8106926083564758,0.24789470434188843
0.34398120641708374,0.0490850992500782
0.7009413242340088,0.133499875664711
0.5979159474372864,0.19620004296302795
0.36635980010032654,0.10689675807952881
0.49090442061424255,0.20344096422195435
0.6100999116897583,0.1402885764837265
0.4358746111392975,0.15363480150699615
0.28973641991615295,0.07359448075294495
0.2604929208755493,0.07002575695514679
0.9263165593147278,0.10917548835277557
0.5687417387962341,0.15126395225524902
0.49412721395492554,0.20129187405109406
0.4526527523994446,0.13606901466846466
0.7005491852760315,0.3076331317424774
0.12979888916015625,0.09131869673728943
0.3712182343006134,0.20142482221126556
0.15808841586112976,0.0305921770632267
0.5950863361358643,0.14753033220767975
0.9751718640327454,0.08229737728834152
0.6255130767822266,0.1435784548521042
0.7899538278579712,0.10801456868648529
0.14609508216381073,0.04709034040570259
0.21969111263751984,0.21931776404380798
0.7071914076805115,0.13153713941574097
0.9814629554748535,0.05479354411363602
0.8614668846130371,0.0756441205739975
0.48426976799964905,0.14470253884792328
0.294350802898407,0.07497954368591309
0.5275502800941467,0.2104073315858841
0.6942200660705566,0.15833906829357147
0.506132960319519,0.150511234998703
0.6877316236495972,0.18114697933197021
0.9074358344078064,0.13140662014484406
0.5478236675262451,0.17798832058906555
0.7484476566314697,0.20352961122989655
0.6267555356025696,0.17068564891815186
0.39454057812690735,0.09857162833213806
0.7442612051963806,0.12925808131694794
0.60063636302948,0.23109936714172363
0.9731918573379517,0.10466518253087997
0.6707406044006348,0.12050502002239227
0.18464943766593933,0.09060212969779968
0.398074209690094,0.12187083065509796
0.9823694825172424,0.095224529504776
0.6301513314247131,0.2108989655971527
0.6552465558052063,0.19881071150302887
0.5084273815155029,0.18940606713294983
0.5254830121994019,0.1433909386396408
0.5515421032905579,0.10471168160438538
0.3797875642776489,0.14962659776210785
0.9580346345901489,0.10417073965072632
0.5020140409469604,0.1415008306503296
0.8282334208488464,0.25518032908439636
0.47300994396209717,0.16637182235717773
0.4097633957862854,0.1793982982635498
0.5078191757202148,0.0670846477150917
0.6353112459182739,0.15161417424678802
0.6230146288871765,0.19406305253505707
0.33267563581466675,0.16192908585071564
0.6076160073280334,0.24023069441318512
0.9660745859146118,0.07102936506271362
0.7788134813308716,0.17211996018886566
0.36431434750556946,0.16392965614795685
0.4594725966453552,0.28127437829971313
0.9894998669624329,0.04882741719484329
0.4575243890285492,0.20707741379737854
0.3447788953781128,0.11781564354896545
0.37073391675949097,0.11050385236740112
0.745707094669342,0.24301359057426453
0.6053285598754883,0.14584743976593018
0.7472302913665771,0.12331434339284897
0.9586777687072754,0.11597268283367157
0.9698008894920349,0.0840025395154953
0.42095738649368286,0.25404518842697144
0.2225526124238968,0.04377242177724838
0.5019068717956543,0.21164894104003906
0.9845439791679382,0.0671725869178772
0.24342216551303864,0.1129540503025055
0.45417502522468567,0.14541935920715332
0.466084748506546,0.14712540805339813
0.4677223563194275,0.2415706068277359
0.7304199934005737,0.16722910106182098
0.5632995367050171,0.1845962256193161
0.6838506460189819,0.16881731152534485
0.44190889596939087,0.15386824309825897
0.31825685501098633,0.07796438038349152
0.8572807908058167,0.16362540423870087
0.8844904899597168,0.15208417177200317
0.4819484055042267,0.1014804095029831
0.5960261225700378,0.3182130455970764
0.4376049339771271,0.22706611454486847
0.5532792210578918,0.13618597388267517
0.3347114026546478,0.10989939421415329
0.5120174288749695,0.15453605353832245
0.9642245769500732,0.09833469241857529
0.4775693118572235,0.14351852238178253
0.3381628394126892,0.18609756231307983
0.47109121084213257,0.14478470385074615
0.9595156908035278,0.1354011446237564
0.5102176070213318,0.16486892104148865
0.9619578123092651,0.11935129761695862
0.2735244035720825,0.15329886972904205
0.2404714822769165,0.11304208636283875
0.9751103520393372,0.10461127012968063
0.543047308921814,0.14985066652297974
0.6331919431686401,0.16287189722061157
0.3844888210296631,0.12226118892431259
0.2222953587770462,0.09783460199832916
0.6104971170425415,0.16264356672763824
0.5126842260360718,0.17081023752689362
0.193027526140213,0.054382797330617905
0.6681421995162964,0.22303323447704315
0.2202654331922531,0.060912758111953735
0.7939135432243347,0.12672044336795807
0.21441759169101715,0.054959628731012344
0.7464690804481506,0.2576389014720917
0.25652945041656494,0.11464892327785492
0.5821060538291931,0.18185469508171082
0.6792758107185364,0.15746954083442688
0.4953157305717468,0.21648140251636505
0.16749922931194305,0.030683543533086777
0.8944902420043945,0.18918225169181824
0.4217706024646759,0.12856805324554443
0.525003969669342,0.0930505096912384
0.8333209753036499,0.16864824295043945
0.4912468492984772,0.19864381849765778
0.5837019085884094,0.15892520546913147
0.3183221220970154,0.08297369629144669
0.9592756032943726,0.14865921437740326
0.7308351397514343,0.17754283547401428
0.23506799340248108,0.0958489328622818
0.5298117995262146,0.13327673077583313
0.35929977893829346,0.09430219233036041
0.4820563793182373,0.19182568788528442
0.7123534083366394,0.1769000142812729
0.3551613986492157,0.13274718821048737
0.470344603061676,0.1250278353691101
0.4694695770740509,0.13398133218288422
0.5279859900474548,0.22423920035362244
0.5383957028388977,0.37540507316589355
0.5548592209815979,0.1826990395784378
0.6397885680198669,0.15252234041690826
0.5282987952232361,0.23633958399295807
0.4145471155643463,0.1749165803194046
0.2352634221315384,0.15519775450229645
0.35122910141944885,0.07470491528511047
0.23020552098751068,0.052698682993650436
0.9572790861129761,0.12158621102571487
0.6029837131500244,0.17243778705596924
0.5929582118988037,0.17127542197704315
0.48314499855041504,0.2828299105167389
0.3817955553531647,0.1848612129688263
0.8169015645980835,0.19283193349838257
0.6859481334686279,0.13705509901046753
0.9469462037086487,0.16626931726932526
0.926793098449707,0.1345558762550354
